Date,Composite_HPI,Single_Family_HPI,One_Storey_HPI,Two_Storey_HPI,Townhouse_HPI,Apartment_HPI,Composite_Benchmark,Single_Family_Benchmark,One_Storey_Benchmark,Two_Storey_Benchmark,Townhouse_Benchmark,Apartment_Benchmark
Jan 2005,100,100,100,100,100,100,237700,257600,205000,300000,199600,172400
Feb 2005,101,101,101.2,100.9,100.9,101.3,240100,260100,207400,302700,201400,174600
Mar 2005,102.1,102.1,102.4,101.9,101.7,102.3,242600,263000,210000,305700,202900,176400
Apr 2005,103.1,103.2,103.8,102.9,102.5,103.1,245100,265800,212700,308600,204500,177800
May 2005,103.8,103.8,104.6,103.4,103.2,104.1,246700,267500,214500,310100,205900,179500
Jun 2005,104.5,104.5,105.1,104.1,104.1,105.3,248500,269200,215400,312300,207700,181500
Jul 2005,105,104.9,105.9,104.3,105,106,249700,270300,217100,312900,209500,182700
Aug 2005,105.8,105.7,106.7,105,105.9,106.3,251400,272300,218800,314900,211300,183200
Sep 2005,106.5,106.3,107.5,105.6,106.7,108.1,253200,273900,220300,316700,213000,186400
Oct 2005,107.1,106.9,107.8,106.2,107.3,108.2,254500,275400,221000,318700,214100,186600
Nov 2005,107.4,107.3,108.2,106.5,107.8,108.6,255400,276300,221900,319600,215100,187300
Dec 2005,107.6,107.4,108.5,106.5,108.1,109.1,255800,276600,222500,319600,215800,188100
Jan 2006,109.4,109.2,110.2,108.4,109.7,110.8,260000,281200,225900,325100,218900,191100
Feb 2006,111.3,111.1,112.4,110.1,111.8,112.8,264600,286200,230500,330300,223100,194500
Mar 2006,113.3,113.1,114.7,112,113.5,114.5,269200,291400,235200,335900,226600,197400
Apr 2006,115.5,115.3,117.2,114.1,115.8,116.6,274500,297100,240300,342200,231100,201000
May 2006,117.4,117.2,119.6,115.5,118.3,118.7,279000,301800,245100,346600,236100,204700
Jun 2006,118.8,118.5,121.2,116.7,120.9,120.4,282400,305200,248500,350100,241300,207500
Jul 2006,119.5,119,122.2,116.9,122.3,121.9,284100,306500,250500,350700,244200,210200
Aug 2006,120.5,119.8,123.2,117.7,124,123.3,286400,308700,252600,353000,247600,212600
Sep 2006,121.4,120.7,124,118.6,124.8,124.9,288600,310800,254100,355700,249200,215300
Oct 2006,121.2,120.4,123.9,118.2,125.8,124.7,288100,310100,254000,354500,251000,215000
Nov 2006,121.2,120.4,123.9,118.2,125.8,124.4,288000,310100,254000,354500,251100,214500
Dec 2006,121.2,120.3,124.5,117.7,126.6,124.7,288100,309900,255200,353100,252600,215000
Jan 2007,122.7,121.8,125.9,119.2,127.4,126.4,291600,313700,258000,357700,254300,217900
Feb 2007,124.9,124.2,128.5,121.5,129.1,128.1,296900,319900,263400,364500,257700,220900
Mar 2007,126.8,126.1,130.9,123.1,131.4,130.3,301500,324800,268300,369200,262300,224700
Apr 2007,128.8,128.1,133,125,133,132.4,306200,329900,272600,375100,265500,228300
May 2007,130.8,130,135.5,126.7,135,134.3,310900,335000,277800,380000,269500,231500
Jun 2007,132.3,131.5,137.3,127.9,136.7,136,314400,338700,281400,383600,272900,234500
Jul 2007,132.9,132,138.2,128.2,137.6,137.2,315900,340100,283300,384700,274600,236500
Aug 2007,133.5,132.5,138.6,128.8,138.6,137.9,317300,341400,284100,386400,276700,237800
Sep 2007,134.1,133.2,139,129.5,138.8,138.8,318700,343000,285000,388500,277000,239300
Oct 2007,134.1,133.2,138.9,129.5,138.9,139,318700,343000,284700,388500,277200,239700
Nov 2007,133.9,132.9,138.3,129.4,138.8,139.2,318300,342300,283600,388200,277000,240000
Dec 2007,133.7,132.5,137.8,129.1,139.1,139.6,317700,341400,282400,387400,277600,240600
Jan 2008,134.8,133.8,138.9,130.4,139.8,140.6,320500,344600,284800,391200,279100,242400
Feb 2008,135.9,135,140.3,131.5,140.7,141.3,323000,347700,287700,394400,280800,243600
Mar 2008,136.8,135.8,141.5,132.1,141.6,142.6,325100,349800,290100,396200,282700,245800
Apr 2008,137,136,141.7,132.3,142.5,142.8,325700,350400,290500,397000,284400,246200
May 2008,136.9,135.8,141.6,132.1,142.7,142.6,325300,349900,290200,396200,284900,245900
Jun 2008,136.3,135.3,140.9,131.5,142.5,142.1,324100,348500,288900,394600,284400,244900
Jul 2008,134.9,133.7,139.5,129.9,141.6,141,320700,344500,286000,389600,282600,243100
Aug 2008,133.9,132.7,138.4,128.9,140.6,139.8,318200,341800,283800,386600,280600,241100
Sep 2008,132.8,131.6,136.9,128,139.5,138.7,315600,338900,280700,383900,278500,239100
Oct 2008,130.4,129.2,134.4,125.6,137.6,136.2,309900,332700,275500,376800,274700,234800
Nov 2008,128.2,127.1,131.5,123.9,135.4,133.6,304800,327300,269600,371800,270300,230400
Dec 2008,125.5,124.3,129,121.1,132,131.7,298400,320200,264400,363400,263500,227000
Jan 2009,124.7,123.6,128,120.6,131.4,129.4,296300,318500,262500,361700,262200,223100
Feb 2009,124.4,123.3,127.9,120.1,130.9,129.3,295600,317500,262100,360300,261300,222900
Mar 2009,124.3,123.2,127.5,120.3,130.4,129.6,295500,317400,261300,360800,260300,223400
Apr 2009,125.5,124.5,128.9,121.4,130.8,131,298400,320800,264200,364200,261100,225900
May 2009,127.1,126.2,130.2,123.1,131.6,132.4,302000,325000,267000,369400,262700,228200
Jun 2009,128.7,127.8,131.4,124.9,132.6,134.3,305900,329200,269400,374700,264700,231600
Jul 2009,130.2,129.3,132.9,126.3,134.4,136.1,309400,333000,272500,378800,268200,234600
Aug 2009,131.8,130.9,134,128.1,135.7,137.8,313200,337100,274700,384200,270900,237600
Sep 2009,133.4,132.5,134.9,130,137.3,139.7,317000,341200,276600,389900,274000,240800
Oct 2009,134.7,133.9,136.1,131.5,138.5,141.1,320300,344900,279100,394400,276400,243200
Nov 2009,135.8,134.9,136.5,132.7,139.4,142.5,322700,347500,279900,398200,278300,245700
Dec 2009,136.2,135.2,136.9,133,140.5,143.2,323700,348300,280700,399000,280400,246900
Jan 2010,137.7,136.7,137.9,134.7,142.2,145.3,327400,352100,282600,404200,283900,250500
Feb 2010,139.6,138.7,139.7,136.9,143.6,146.6,331900,357400,286400,410600,286600,252700
Mar 2010,141.2,140.4,141.3,138.4,145.3,148.1,335700,361600,289600,415300,290100,255300
Apr 2010,142.2,141.4,142.4,139.3,147,148.8,338100,364200,291900,417900,293500,256500
May 2010,142.6,141.7,142.7,139.7,147.3,149.1,338900,365100,292600,419100,294000,257000
Jun 2010,141.9,141.1,141.8,139.2,147.4,148.1,337400,363500,290700,417500,294300,255400
Jul 2010,141.1,140.4,141.3,138.3,146.2,146.9,335400,361600,289700,414900,291900,253300
Aug 2010,140.6,139.9,140.4,138.1,145.5,146.1,334200,360400,287900,414200,290500,251900
Sep 2010,140.2,139.4,139.6,137.8,145.2,146.3,333300,359200,286200,413300,289900,252200
Oct 2010,140.1,139.4,139.5,137.7,144.6,146.5,333100,359000,285900,413000,288700,252500
Nov 2010,140.1,139.4,138.8,138,144.3,146.1,333000,359000,284500,414100,288100,251900
Dec 2010,139.9,139.2,138.2,138,144.7,146.1,332600,358500,283400,413900,288800,251900
Jan 2011,141.4,140.8,139.2,139.9,144.8,147.4,336000,362600,285300,419600,289000,254200
Feb 2011,143.8,143.4,141.6,142.5,146.5,149.4,341800,369300,290200,427500,292500,257500
Mar 2011,145.8,145.6,143.6,144.7,147.9,150.7,346600,375000,294300,434100,295300,259800
Apr 2011,147.6,147.5,145.1,146.7,149,152,350800,379900,297500,440200,297400,262000
May 2011,149.1,149.3,146.6,148.6,149.7,152.7,354500,384600,300600,445900,298900,263200
Jun 2011,150.1,150.3,147.2,149.8,150.1,153.5,356700,387200,301800,449400,299500,264700
Jul 2011,150.5,150.8,147.5,150.4,151,153.7,357800,388500,302300,451200,301300,264900
Aug 2011,151,151.3,147.5,151.1,151.8,154.1,359000,389800,302300,453300,302900,265600
Sep 2011,151.2,151.6,147.7,151.5,151.7,154.1,359500,390600,302700,454400,302800,265600
Oct 2011,151.3,151.9,147.5,151.8,151.7,153.5,359700,391200,302400,455400,302800,264700
Nov 2011,151.4,151.9,147.7,151.8,151.7,153.7,359800,391300,302700,455400,302800,265000
Dec 2011,151.3,152,147.9,151.9,150.7,153.2,359600,391600,303200,455600,300700,264100
Jan 2012,152.5,153.5,149.2,153.3,150.7,153.8,362400,395300,305900,459900,300800,265100
Feb 2012,154.5,155.6,150.5,155.9,152.6,155.1,367200,400900,308500,467600,304600,267400
Mar 2012,156.2,157.6,152.8,157.5,153.5,155.8,371200,405900,313300,472500,306400,268600
Apr 2012,157.6,159.1,154.5,159,154.4,156.8,374600,409900,316700,477100,308200,270300
May 2012,158,159.5,155.5,159.2,154.9,156.9,375600,410900,318800,477500,309100,270500
Jun 2012,157.5,158.9,154.9,158.6,154.9,156.4,374400,409400,317500,475900,309100,269700
Jul 2012,156.8,158.3,154.3,158,154,155.2,372700,407700,316300,474100,307400,267600
Aug 2012,155.9,157.3,153.6,156.9,153.2,154.7,370600,405100,314900,470800,305700,266700
Sep 2012,155.4,156.7,153.1,156.3,152.6,154.4,369400,403700,313900,469000,304500,266200
Oct 2012,154.6,155.9,152.2,155.6,152.3,153.4,367600,401500,312000,466800,303900,264400
Nov 2012,153.6,154.9,151.3,154.6,151.5,151.9,365200,399000,310100,463800,302400,261800
Dec 2012,153.4,154.7,151.2,154.4,151.4,151.2,364700,398600,310000,463200,302200,260600
Jan 2013,153.8,155.1,151.2,155,151.6,151.3,365700,399600,310000,464900,302600,260900
Feb 2013,155.7,157.1,153.1,156.9,152.6,153,370000,404600,313900,470800,304500,263700
Mar 2013,156.9,158.4,154.7,158.1,153.5,154,373000,408000,317100,474400,306300,265500
Apr 2013,158.2,159.9,155.8,159.8,154.2,154.2,376100,411800,319300,479400,307800,265900
May 2013,159,160.5,156.4,160.4,155.5,155.1,377900,413500,320600,481300,310400,267400
Jun 2013,159.3,160.8,156.9,160.6,155.8,155.2,378600,414200,321600,481800,311000,267500
Jul 2013,159.4,161,157,160.8,155.4,154.9,378900,414800,321900,482500,310100,267000
Aug 2013,159.6,161.2,156.9,161.2,155.3,155.2,379300,415200,321600,483500,309900,267500
Sep 2013,160,161.6,157.8,161.4,156.2,155.2,380400,416400,323500,484100,311800,267500
Oct 2013,160.2,161.9,157.5,161.9,156.3,154.8,380700,417100,322800,485700,311900,266800
Nov 2013,160.2,162,157.3,162.1,156.5,154.5,380900,417300,322400,486400,312300,266400
Dec 2013,160.1,161.9,157.3,162,156.2,154.1,380600,417100,322400,486100,311700,265600
Jan 2014,161.4,163.3,158.6,163.4,156.2,155.3,383600,420700,325200,490300,311700,267700
Feb 2014,163.6,165.6,160.9,165.8,158.2,156.4,388800,426700,329800,497400,315700,269700
Mar 2014,165,167.1,161.9,167.5,160,157.4,392200,430400,331800,502500,319400,271300
Apr 2014,166.5,168.6,163.6,168.9,161,158.8,395700,434400,335300,506800,321400,273800
May 2014,167.4,169.7,164.3,170.1,162,158.8,398000,437200,336900,510400,323400,273800
Jun 2014,168.1,170.3,165.1,170.7,162.9,159.8,399600,438700,338400,512000,325200,275500
Jul 2014,168.1,170.4,164.9,170.9,162.8,159.3,399600,438900,338000,512600,324900,274700
Aug 2014,168.2,170.5,164.7,171.1,163.6,159.5,399900,439200,337700,513200,326500,275000
Sep 2014,168.7,171,165.1,171.6,163.9,160,401000,440400,338400,514900,327200,275900
Oct 2014,168.9,171.1,164.9,172,164.4,160.5,401500,440800,338000,515900,328100,276700
Nov 2014,169.2,171.4,164.4,172.5,164.2,161.2,402200,441400,337000,517500,327800,277900
Dec 2014,169.1,171.5,164.2,172.9,162.8,160.5,402000,441900,336700,518600,324900,276700
Jan 2015,170.5,173,165.7,174.2,164.8,161.1,405200,445600,339700,522700,329000,277800
Feb 2015,173,175.9,168.1,177.3,166.3,162,411200,453100,344700,532000,331900,279300
Mar 2015,175.4,178.5,169.6,180.5,168.2,164.1,417000,459800,347700,541400,335800,282900
Apr 2015,177.8,181.1,172.1,183,169.5,165.9,422600,466500,352800,548900,338300,286000
May 2015,179.6,183,173.3,185.1,171.5,166.8,426900,471500,355300,555400,342300,287600
Jun 2015,181.2,184.9,174.6,187.2,172.8,167.8,430800,476200,358000,561500,344900,289300
Jul 2015,182.2,186,175.3,188.4,173.1,168.1,433000,479100,359300,565200,345600,289800
Aug 2015,183.2,187.2,176.2,189.6,174.1,168.7,435500,482200,361300,568900,347500,290900
Sep 2015,184.4,188.4,177.1,191,175.3,170.1,438400,485400,363100,573000,349900,293200
Oct 2015,185.1,189.2,177.5,191.8,176.7,170.4,440000,487400,363900,575500,352600,293800
Nov 2015,186,190.2,177.5,193.2,177.3,171.2,442100,489900,363900,579700,353900,295200
Dec 2015,186.6,190.9,178.1,194.1,177.9,171.2,443500,491800,365100,582300,355000,295100
Jan 2016,189.9,194.7,180.7,198.3,179,173.3,451300,501500,370400,595000,357200,298700
Feb 2016,195,200.3,185.5,204.3,181.9,177.3,463400,516100,380300,612800,363100,305600
Mar 2016,199.7,205.7,189.9,209.9,186.6,179.6,474800,529800,389300,629700,372500,309600
Apr 2016,204.5,210.8,195,215,191,182.9,486200,543100,399700,645100,381200,315300
May 2016,209,215.6,199.4,219.9,195.8,186.1,496800,555500,408700,659700,390800,320900
Jun 2016,212.2,218.8,201.9,223.2,199.3,189.9,504300,563500,413900,669700,397900,327400
Jul 2016,213.9,220.5,202.9,225.2,202.4,191.3,508400,568000,416000,675600,403900,329800
Aug 2016,214.6,221.2,203.5,226,204.1,192.2,510200,569900,417200,678100,407300,331300
Sep 2016,215.7,222.3,203.7,227.5,205.2,193.4,512700,572700,417500,682600,409500,333500
Oct 2016,215.6,222.1,204.1,226.9,205.4,193.8,512400,572100,418500,680800,410000,334100
Nov 2016,215.8,222.1,203.9,227,206.8,195.5,513000,572100,417900,681100,412700,337100
Dec 2016,215.9,222,204,226.8,207,196.9,513300,571800,418200,680500,413200,339400
Jan 2017,220.2,226.6,207.5,231.9,211.3,200.5,523500,583600,425400,695600,421800,345600
Feb 2017,228.2,235.2,215.2,240.9,218.5,206,542400,605900,441200,722600,436200,355200
Mar 2017,236.6,243.9,222.9,249.9,225.2,214.5,562300,628300,457000,749800,449500,369800
Apr 2017,240.7,247.4,227.3,253,231.1,222.2,572100,637300,465900,758900,461300,383000
May 2017,240.2,245.8,226.5,251.1,234.5,226.2,570900,633200,464400,753300,468000,390000
Jun 2017,237.4,242,223.8,247,235.1,228.2,564400,623400,458700,740900,469300,393400
Jul 2017,233.6,237.1,220.7,241.3,235.4,228.3,555200,610700,452500,723800,469800,393600
Aug 2017,231,233.7,218,237.7,234.2,229.5,549000,602000,446900,713000,467500,395600
Sep 2017,230.1,232.5,217.2,236.4,233.5,230.5,546900,599000,445200,709300,466100,397300
Oct 2017,229.5,231.4,216.4,235.2,234.4,232.3,545500,596200,443600,705700,467800,400400
Nov 2017,229,230.8,215.7,234.6,233.6,233.5,544400,594500,442100,703900,466200,402500
Dec 2017,228.5,229.9,216,233.2,234.5,234.6,543200,592300,442700,699700,468000,404400
Jan 2018,229.4,230.4,216.7,233.5,235.7,238.1,545400,593400,444300,700600,470500,410500
Feb 2018,231.3,231.9,219.1,234.7,238.8,241.4,549700,597400,449100,704200,476700,416200
Mar 2018,232.9,232.8,220.8,235.3,243.3,245.6,553500,599700,452700,706000,485700,423400
Apr 2018,233.1,232.9,222,235,244.7,247,554100,599900,455000,705100,488500,425800
May 2018,232.6,232,221.4,234.2,245.6,248.1,552800,597600,453800,702500,490200,427700
Jun 2018,231.3,230.4,219.4,232.9,246,247.9,549800,593500,449700,698700,491000,427300
Jul 2018,229.7,228.5,218,230.7,245.7,247.3,545900,588500,447000,692100,490400,426400
Aug 2018,228,226.7,217,228.8,243.6,245.9,541900,584100,444800,686300,486300,423900
Sep 2018,226.6,225.3,215.3,227.5,242.9,245,538700,580400,441300,682400,484800,422300
Oct 2018,225.5,224.3,214.5,226.5,241.1,243.6,536100,577900,439700,679400,481300,420000
Nov 2018,223.1,221.9,212.3,224,239.5,240.8,530300,571600,435200,672000,478000,415100
Dec 2018,221.4,219.8,209.9,222.1,237.7,240.7,526200,566200,430200,666200,474500,414900
Jan 2019,220.5,219.2,210.4,220.9,235.7,239.2,524200,564700,431400,662800,470500,412300
Feb 2019,221,219.6,210.5,221.5,236.8,240.4,525400,565600,431500,664500,472600,414400
Mar 2019,221.8,220.5,212,222.1,237.5,241.1,527300,567900,434500,666400,474000,415600
Apr 2019,222.3,221,212.7,222.6,238.5,241.6,528500,569300,436000,667800,476000,416600
May 2019,221.9,220.5,212.7,221.9,240.3,241,527500,567900,436100,665600,479700,415400
Jun 2019,221.7,220.1,212.8,221.4,239.7,241.1,526900,567100,436200,664200,478400,415700
Jul 2019,221.3,219.8,212.2,221.3,239.6,240.5,526000,566300,435000,663800,478200,414600
Aug 2019,221,219.3,211.6,220.8,240.4,240.5,525300,565000,433800,662400,479900,414700
Sep 2019,221.4,219.6,211.7,221.2,240.8,241.9,526300,565800,434000,663600,480700,417000
Oct 2019,221.9,220.4,212,222.2,241.2,241.6,527500,567700,434500,666600,481400,416500
Nov 2019,222,220.3,211.9,222,241.1,243.4,527800,567400,434300,666100,481200,419600
Dec 2019,222.3,220.3,211.9,222.1,242.3,244.4,528400,567400,434300,666200,483600,421400
Jan 2020,225.2,223.1,214.7,224.8,245.1,248.1,535400,574700,440200,674400,489200,427800
Feb 2020,230,227.8,218.7,229.7,249,253.9,546600,586700,448300,689100,497100,437800
Mar 2020,232.6,230.4,220.8,232.6,250.8,257,552900,593600,452600,697900,500600,443000
Apr 2020,229.8,227.1,217.6,229.4,251.1,254.8,546300,585100,446000,688300,501100,439300
May 2020,230.5,228.3,218.8,230.5,251,253.5,547800,588000,448500,691600,501000,437000
Jun 2020,232.6,231.3,222.3,233.1,252.4,251.3,552800,595700,455700,699300,503800,433200
Jul 2020,236.3,235.6,227.2,236.9,256.2,252,561800,606800,465800,710600,511300,434400
Aug 2020,240.2,240.2,231.3,241.5,259.1,252.8,571000,618700,474100,724400,517100,435800
Sep 2020,243,243.4,235.3,244.2,261.7,253,577600,627100,482300,732500,522300,436200
Oct 2020,244.8,245.7,237.5,246.3,263.2,252,581800,632900,486900,738900,525300,434400
Nov 2020,247.3,249.1,240.9,249.5,264.3,251.3,587900,641600,493900,748400,527500,433300
Dec 2020,250.4,252.8,244.5,253.2,267.7,251.6,595200,651100,501300,759500,534300,433800
Jan 2021,258.6,262.7,252.8,263.6,273.5,254.1,614800,676600,518300,790800,545900,438100
Feb 2021,270.8,275.9,266.4,276.3,286.3,261.5,643600,710700,546100,828900,571500,450900
Mar 2021,281.7,287.5,278.6,287.1,297.8,270.2,669600,740500,571100,861200,594400,465800
Apr 2021,287.4,292.8,285.2,291.5,305,277,683100,754200,584700,874500,608800,477500
May 2021,290.4,295.6,289.1,293.7,310.3,280.1,690300,761500,592600,881000,619300,482900
Jun 2021,292,297.4,290.9,295.3,312.3,280.7,694100,766200,596400,886000,623300,483900
Jul 2021,292,297.5,291.1,295.4,312.8,280.5,694200,766400,596700,886200,624300,483600
Aug 2021,294,299.9,293.4,297.8,314.4,281.3,698900,772600,601500,893300,627600,485000
Sep 2021,299.1,305.4,296.8,304.2,319.2,285.7,711000,786800,608400,912700,637100,492500
Oct 2021,307,314,302.9,313.9,325.8,292.3,729800,808900,620900,941600,650200,503900
Nov 2021,314.5,321.9,309.1,322.4,334.3,298.5,747500,829200,633600,967300,667200,514600
Dec 2021,321.2,329.5,316.7,330,341.1,302.1,763500,848900,649200,990000,680800,520900
Jan 2022,338.7,349,335.7,349.2,358.2,313.6,805200,898900,688200,1047500,715000,540700
Feb 2022,355.7,366.4,352.3,366.6,377.9,329.2,845400,943800,722200,1099800,754200,567500
Mar 2022,360,369,355,369.2,386.8,340.5,855800,950600,727700,1107500,772000,587100
Apr 2022,355,362.3,350.1,361.9,384.5,341.9,843800,933400,717800,1085600,767500,589400
May 2022,347.3,353.1,342,352.5,378.5,340.3,825500,909600,701100,1057500,755500,586700
Jun 2022,335,339.8,328.3,339.8,367,331.7,796300,875400,673100,1019300,732500,571900
Jul 2022,323.6,326.8,316.4,326.5,357.9,325.5,769100,841800,648700,979600,714300,561100
Aug 2022,314.3,317.3,306.9,317.4,345.8,318.1,747200,817400,629100,952200,690200,548400
Sep 2022,308.6,311.6,299.9,312.5,339.7,311.7,733500,802600,614700,937500,678100,537300
Oct 2022,304.3,307,295.7,307.9,335.6,308.5,723400,790900,606100,923800,669800,531900
Nov 2022,300.7,303.1,291.5,304.4,330.5,306.4,714700,780800,597600,913100,659700,528200
Dec 2022,296.8,299.5,287.4,301.1,325.3,302.1,705600,771400,589100,903200,649200,520800
Jan 2023,296.6,299.1,287,300.7,325.5,302.1,705000,770400,588400,902100,649600,520900
Feb 2023,300.8,303.9,291.9,305.5,330.2,303.9,714900,782800,598300,916500,659100,523900
Mar 2023,304.8,308.8,297.4,310.1,332.7,306.1,724600,795400,609600,930300,664000,527700
Apr 2023,312.4,317.3,304.3,319.2,339.5,311.7,742600,817300,623900,957600,677600,537400
May 2023,317.6,322.9,309.6,324.9,344.1,316,754900,831900,634700,974800,686900,544700
Jun 2023,320,325.4,312,327.5,347.4,319.1,760600,838300,639600,982600,693400,550200
Jul 2023,318.6,324,312,325.6,347,319,757300,834500,639700,976700,692700,550000
Aug 2023,315.6,320.5,308.7,322.4,346,317.6,750100,825700,632900,967300,690600,547500
Sep 2023,311.9,316.5,305.5,318.3,343.8,315.3,741400,815300,626200,954800,686200,543600
Oct 2023,307.6,311.4,301.6,312.9,340,314.1,731100,802200,618200,938800,678600,541500
Nov 2023,302.5,306,295.8,307.9,334.6,310.6,719000,788200,606300,923700,667800,535400
Dec 2023,298.8,302.4,292,304.6,330.7,306,710300,779100,598600,913900,660000,527600
Jan 2024,297.8,301.4,291.6,303.2,328.4,305.4,707800,776300,597800,909600,655400,526500
,,,,,,,,,,,,
,,,,,,,,,,,,
,,,,,,,,,,,,
,,,,,,,,,,,,
,,,,,,,,,,,,
,,,,,,,,,,,,
,,,,,,,,,,,,
,,,,,,,,,,,,
,,,,,,,,,,,,
,,,,,,,,,,,,
,,,,,,,,,,,,
,,,,,,,,,,,,
,,,,,,,,,,,,
,,,,,,,,,,,,
,,,,,,,,,,,,
,,,,,,,,,,,,
,,,,,,,,,,,,
,,,,,,,,,,,,
,,,,,,,,,,,,
,,,,,,,,,,,,
,,,,,,,,,,,,
,,,,,,,,,,,,
,,,,,,,,,,,,
,,,,,,,,,,,,
,,,,,,,,,,,,
,,,,,,,,,,,,
,,,,,,,,,,,,
,,,,,,,,,,,,
,,,,,,,,,,,,
,,,,,,,,,,,,
,,,,,,,,,,,,
,,,,,,,,,,,,
,,,,,,,,,,,,
,,,,,,,,,,,,
,,,,,,,,,,,,
,,,,,,,,,,,,
,,,,,,,,,,,,
,,,,,,,,,,,,
,,,,,,,,,,,,
,,,,,,,,,,,,
,,,,,,,,,,,,
,,,,,,,,,,,,
,,,,,,,,,,,,
,,,,,,,,,,,,
,,,,,,,,,,,,
,,,,,,,,,,,,
,,,,,,,,,,,,
,,,,,,,,,,,,
,,,,,,,,,,,,
,,,,,,,,,,,,
,,,,,,,,,,,,
,,,,,,,,,,,,
,,,,,,,,,,,,
,,,,,,,,,,,,
,,,,,,,,,,,,
,,,,,,,,,,,,
,,,,,,,,,,,,
,,,,,,,,,,,,
,,,,,,,,,,,,
,,,,,,,,,,,,
,,,,,,,,,,,,
,,,,,,,,,,,,
,,,,,,,,,,,,
,,,,,,,,,,,,
,,,,,,,,,,,,
,,,,,,,,,,,,
,,,,,,,,,,,,
,,,,,,,,,,,,
,,,,,,,,,,,,
,,,,,,,,,,,,
,,,,,,,,,,,,
,,,,,,,,,,,,
,,,,,,,,,,,,
,,,,,,,,,,,,
,,,,,,,,,,,,
,,,,,,,,,,,,
,,,,,,,,,,,,
,,,,,,,,,,,,
,,,,,,,,,,,,
,,,,,,,,,,,,
,,,,,,,,,,,,
,,,,,,,,,,,,
,,,,,,,,,,,,
,,,,,,,,,,,,
,,,,,,,,,,,,
,,,,,,,,,,,,
,,,,,,,,,,,,
,,,,,,,,,,,,
,,,,,,,,,,,,
,,,,,,,,,,,,
,,,,,,,,,,,,
,,,,,,,,,,,,
,,,,,,,,,,,,
,,,,,,,,,,,,
,,,,,,,,,,,,
,,,,,,,,,,,,
,,,,,,,,,,,,
,,,,,,,,,,,,
,,,,,,,,,,,,
,,,,,,,,,,,,
,,,,,,,,,,,,
,,,,,,,,,,,,
,,,,,,,,,,,,
,,,,,,,,,,,,
,,,,,,,,,,,,
,,,,,,,,,,,,
,,,,,,,,,,,,
,,,,,,,,,,,,
,,,,,,,,,,,,
,,,,,,,,,,,,
,,,,,,,,,,,,
,,,,,,,,,,,,
,,,,,,,,,,,,
,,,,,,,,,,,,
,,,,,,,,,,,,
,,,,,,,,,,,,
,,,,,,,,,,,,
,,,,,,,,,,,,
,,,,,,,,,,,,
,,,,,,,,,,,,
,,,,,,,,,,,,
,,,,,,,,,,,,
,,,,,,,,,,,,
,,,,,,,,,,,,
,,,,,,,,,,,,
,,,,,,,,,,,,
,,,,,,,,,,,,
,,,,,,,,,,,,
,,,,,,,,,,,,
,,,,,,,,,,,,
,,,,,,,,,,,,
,,,,,,,,,,,,
,,,,,,,,,,,,
,,,,,,,,,,,,
,,,,,,,,,,,,
,,,,,,,,,,,,
,,,,,,,,,,,,
,,,,,,,,,,,,
,,,,,,,,,,,,
,,,,,,,,,,,,
,,,,,,,,,,,,
,,,,,,,,,,,,
,,,,,,,,,,,,
,,,,,,,,,,,,
,,,,,,,,,,,,
,,,,,,,,,,,,
,,,,,,,,,,,,
,,,,,,,,,,,,
,,,,,,,,,,,,
,,,,,,,,,,,,
,,,,,,,,,,,,
,,,,,,,,,,,,
,,,,,,,,,,,,
,,,,,,,,,,,,
,,,,,,,,,,,,
,,,,,,,,,,,,
,,,,,,,,,,,,
,,,,,,,,,,,,
,,,,,,,,,,,,
,,,,,,,,,,,,
,,,,,,,,,,,,
,,,,,,,,,,,,
,,,,,,,,,,,,
,,,,,,,,,,,,
,,,,,,,,,,,,
,,,,,,,,,,,,
,,,,,,,,,,,,
,,,,,,,,,,,,
,,,,,,,,,,,,
,,,,,,,,,,,,
,,,,,,,,,,,,
,,,,,,,,,,,,
,,,,,,,,,,,,
,,,,,,,,,,,,
,,,,,,,,,,,,
,,,,,,,,,,,,
,,,,,,,,,,,,
,,,,,,,,,,,,
,,,,,,,,,,,,
,,,,,,,,,,,,
,,,,,,,,,,,,
,,,,,,,,,,,,
,,,,,,,,,,,,
,,,,,,,,,,,,
,,,,,,,,,,,,
,,,,,,,,,,,,
,,,,,,,,,,,,
,,,,,,,,,,,,
,,,,,,,,,,,,
,,,,,,,,,,,,
,,,,,,,,,,,,
,,,,,,,,,,,,
,,,,,,,,,,,,
,,,,,,,,,,,,
,,,,,,,,,,,,
,,,,,,,,,,,,
,,,,,,,,,,,,
,,,,,,,,,,,,
,,,,,,,,,,,,
,,,,,,,,,,,,
,,,,,,,,,,,,
,,,,,,,,,,,,
,,,,,,,,,,,,
,,,,,,,,,,,,
,,,,,,,,,,,,
,,,,,,,,,,,,
,,,,,,,,,,,,
,,,,,,,,,,,,
,,,,,,,,,,,,
,,,,,,,,,,,,
,,,,,,,,,,,,
,,,,,,,,,,,,
,,,,,,,,,,,,
,,,,,,,,,,,,
,,,,,,,,,,,,
,,,,,,,,,,,,
,,,,,,,,,,,,
,,,,,,,,,,,,
,,,,,,,,,,,,
,,,,,,,,,,,,
,,,,,,,,,,,,
,,,,,,,,,,,,
,,,,,,,,,,,,
,,,,,,,,,,,,
,,,,,,,,,,,,
,,,,,,,,,,,,
,,,,,,,,,,,,
,,,,,,,,,,,,
,,,,,,,,,,,,
,,,,,,,,,,,,
,,,,,,,,,,,,
,,,,,,,,,,,,
,,,,,,,,,,,,
,,,,,,,,,,,,
,,,,,,,,,,,,
,,,,,,,,,,,,
,,,,,,,,,,,,
,,,,,,,,,,,,
,,,,,,,,,,,,
,,,,,,,,,,,,
,,,,,,,,,,,,
,,,,,,,,,,,,
,,,,,,,,,,,,
,,,,,,,,,,,,
,,,,,,,,,,,,
,,,,,,,,,,,,
,,,,,,,,,,,,
,,,,,,,,,,,,
,,,,,,,,,,,,
,,,,,,,,,,,,
,,,,,,,,,,,,
,,,,,,,,,,,,
,,,,,,,,,,,,
,,,,,,,,,,,,
,,,,,,,,,,,,
,,,,,,,,,,,,
,,,,,,,,,,,,
,,,,,,,,,,,,
,,,,,,,,,,,,
,,,,,,,,,,,,
,,,,,,,,,,,,
,,,,,,,,,,,,
,,,,,,,,,,,,
,,,,,,,,,,,,
,,,,,,,,,,,,
,,,,,,,,,,,,
,,,,,,,,,,,,
,,,,,,,,,,,,
,,,,,,,,,,,,
,,,,,,,,,,,,
